                  epoch,         train/box_loss,         train/cls_loss,         train/dfl_loss,   metrics/precision(B),      metrics/recall(B),       metrics/mAP50(B),    metrics/mAP50-95(B),           val/box_loss,           val/cls_loss,           val/dfl_loss,                 lr/pg0,                 lr/pg1,                 lr/pg2
                      1,                0.90115,                 2.2232,                 1.0561,                0.88243,                0.16499,                0.19254,                0.15372,                0.77485,                 1.3703,                 0.9909,              0.0033275,              0.0033275,              0.0033275
                      2,                0.87268,                 1.4469,                 1.0321,                0.85264,                 0.1974,                0.22958,                0.18153,                0.77929,                 1.2854,                0.98043,              0.0065949,              0.0065949,              0.0065949
