                  epoch,         train/box_loss,         train/cls_loss,         train/dfl_loss,   metrics/precision(B),      metrics/recall(B),       metrics/mAP50(B),    metrics/mAP50-95(B),           val/box_loss,           val/cls_loss,           val/dfl_loss,                 lr/pg0,                 lr/pg1,                 lr/pg2
                      0,                0.87778,                  1.809,                 1.0373,                0.91746,                0.65783,                0.73877,                0.60135,                0.72609,                 1.0365,                0.95041,              0.0033283,              0.0033283,              0.0033283
                      1,                0.86844,                 1.2192,                  1.028,                0.92759,                0.62689,                0.72095,                0.57239,                0.79801,                0.98392,                0.97894,              0.0065957,              0.0065957,              0.0065957
                      2,                0.95156,                 1.1286,                  1.062,                0.92349,                0.63802,                0.71803,                 0.5602,                0.87648,                0.85272,                 1.0249,              0.0097971,              0.0097971,              0.0097971
